sha256	bytes	path
7cbe0d35c58746cc4be1d7ca89f40eec37fb32ae59f4ed5d2e531291f6732cc6	1192	README.md
6600586eb3219167ee005663ac29979394792bbeb3831e692c44ba7b1ba82b79	4274	brand/ONE-PATRON-brand-standard-v1.md
63344199fe56e07494ce39badada54d093ab6cce73f1958d142daf83d3b6b36c	2595	brand/one-patron-avatar-dark.svg
c47c376503bd27b579e1f9521905bfb7406f10e2ada19f77f3cc3bc0a60b1bea	2715	brand/one-patron-lockup-on-dark.svg
fda30bc16c1a2ef71d9d5cc454e06f1d79601f35e1d30623ec9c8a88d2c3b575	2166	brand/one-patron-lockup-on-light.svg
9bf48b4ad0703639515776b5ca74186ba3702b22d9ac7bf454c9e65f52e393f5	1913	brand/one-patron-mark-master.svg
0339450fad5a2f98831a5f7ef5560c8a46db7e018d91add06a3b4fe359bde50d	72268	brand/png/one-patron-avatar-dark-1024.png
4e8c4665d972160f44d13b881dd8b230d8e042d9008fbc79e905f307cf836888	84799	brand/png/one-patron-lockup-on-dark-2400x720.png
1bac5f96a3c227073ed552142453297673990611da38f3856c5ade86b5a04739	75479	brand/png/one-patron-lockup-on-light-2400x720.png
aae3631fd35628d74abef3b9470c2f911acc4b1ce593b9e686364cdd67ced06d	68722	brand/png/one-patron-mark-master-1024.png
3ec89384b9e6eb4fb602e27723712863ffadccb6072ba2034a6dbcf7817044eb	516640	media/one_patron_attractor_x_optimized_1080x1080_6s.mp4
e338ce36ffc689da75c8aaeb6fdff175bc9d744befb52cf9a176866b28f32428	7541212	media/one_patron_attractor_x_optimized_preview.gif
e7924f069d059493235d15f095472c0a70bb9bc7ac684bb73f4224c72997dc81	1245	provenance/PUBLIC_PROVENANCE.md
25a185d90a0703057e02bcb85f0b780ea627b8d5fb680cb6de99add6d4343ade	1084	provenance/RIGHTS_NOTICE.md
63be27c7bd4b6cb117df4584b510c20ad76d973e4f1761ac9d45710f40db5750	1767	site/404.html
b3ba13fc08bad2c33ea3bc95c9f1a28bebcd15ec0af03dba22267d7e6cafd7c5	2330	site/_headers
15d9f67efb921fa8d1e878dd8add034d23a0ab92b8e9052247b2dc03ad464040	150477	site/alexander-list.jpg
f6a8a3b523179e37e032c749a33e4728d14cfc686b7ba5a442badb9f28dc629d	6622	site/apple-touch-icon-v2.png
f6a8a3b523179e37e032c749a33e4728d14cfc686b7ba5a442badb9f28dc629d	6622	site/apple-touch-icon.png
e1fdbe49bffde98c7545a8076c7c0ca4d9d349e4cd23bfe99f0dff310a2a35c9	320	site/favicon-16x16.png
248c6017f41c853f414425e9155f12c3be81fe8870fb722d03a4da5b8fa0a746	738	site/favicon-32x32.png
e1fdbe49bffde98c7545a8076c7c0ca4d9d349e4cd23bfe99f0dff310a2a35c9	320	site/favicon-v2-16x16.png
248c6017f41c853f414425e9155f12c3be81fe8870fb722d03a4da5b8fa0a746	738	site/favicon-v2-32x32.png
412cc6b25eeefebb8f99235a779be39705cb7deabad366c483222ecab0178326	4233	site/favicon-v2.ico
f86004feb77bfd4c01b2bcbf165fe6c49aef509a7df171cd14f37443cde7288b	2537	site/favicon-v2.svg
412cc6b25eeefebb8f99235a779be39705cb7deabad366c483222ecab0178326	4233	site/favicon.ico
f86004feb77bfd4c01b2bcbf165fe6c49aef509a7df171cd14f37443cde7288b	2537	site/favicon.svg
2839f668c4ca78762e9d4f292faebfaf91750f13eab989dddd906ca2926ca10f	25406	site/icon-512.png
588a6ee91a3ad6ce16cddc6bef969e45c32d24052d4fc14ea6b3a560b543b62c	51233	site/index.html
dd50913a132279d3e7ffcb6f0f58d1f4863df53dcf407f146212b8a7813d9fc3	4114	site/og-image-master.svg
7fa1d3c39ef20bddb1fa058529c799b26bf8078e99c90fd831574ca5009fb3f3	352823	site/og-image.png
7fa1d3c39ef20bddb1fa058529c799b26bf8078e99c90fd831574ca5009fb3f3	352823	site/og-one-patron-v2.png
4e8c4665d972160f44d13b881dd8b230d8e042d9008fbc79e905f307cf836888	84799	site/one-patron-logo.png
9bf48b4ad0703639515776b5ca74186ba3702b22d9ac7bf454c9e65f52e393f5	1913	site/one-patron-mark.svg
308e80d5218b2eac6046418dfc2093212315f6e90858d63ace4397c7e1a428e5	8351	site/privacy/index.html
c57fa5ff4ae8a824706dcd30c972f868369323e371263e556d0989c4ce2032d7	84	site/protocol-v1.0.sha256
e0e17234a75222bb6553cfededb65c3565c3239744cf92ed0b1a60581111e086	2513	site/protocol-v1.0.txt
20ac8e439ced1d068045648e008002da8fa010cea81007240225c0cfe423ca7c	76	site/robots.txt
e6ccf22ea8fd84fba875c85c5616ff7d5172eb39dc56c68fc1eb66973449194f	1713	site/safari-pinned-tab-v2.svg
e6ccf22ea8fd84fba875c85c5616ff7d5172eb39dc56c68fc1eb66973449194f	1713	site/safari-pinned-tab.svg
05410fcfa41934d6da1d6e957cfa171c4b6735530d74e145359700d58c62ec4c	791	site/sitemap.xml
02007d7ecbb23d88aa7050fdceab03a771012aa9aac2b8eea65398e608ff502f	15281	site/terms/index.html
1f5081df3fe8fdcbff09e228ed9d23c2f5db7124b5596b1d9824ec40b175b892	1917	site/thank-you.html
8bd1e85001bc697769531dc66e6a3b6c898dcd4ef6258f0da824c65556548b36	265	site/verification/ONE_PATRON_IDENTITY_MANIFEST.asc
7170f15399b9316df2350ce2b388b1f7aa8c32846951c089a26f95d695d021e8	3771	site/verification/ONE_PATRON_IDENTITY_MANIFEST.txt
a5a132a8fe1a57fad9e6813a72ba0ff771216cc189e698a801f73035fcb6e997	1201	site/verification/ONE_PATRON_PUBLIC_KEY.asc
adadb761a4aa1ce806562928c51347d00124907a4dacb1a18c0eb44b32ee51f5	26386	site/verification/index.html
911e7909287a448bd662452e57fcd81d9f1ca19d8b07e19d6777f0fbc3b28dec	800373	social/one-patron-reddit-right-safe.png
e863661da4bbaef4738337495de9847f9f8bd47b128beb4961e41d0dde2d8239	796519	social/one-patron-x-banner-centered.png
516d87ab3931cacb4af0c2ad7ebc9d980df4c4a75c96d64649125ce8990ae3b7	63338	social/social-avatars/one-patron-facebook-avatar-1024.png
517a969d52566c84fb5502f8bd989311c51e14011d57b22f8ece9bc9fe1f2c07	2128	social/social-avatars/one-patron-facebook-avatar-1024.svg
4c3667da288e2adfd72deab8b1c5c1525a40dbdd8356dff6590726835b79df57	14825	social/social-avatars/one-patron-facebook-avatar-320-facebook.jpg
a5dd5fe7ac7c457abaadc1ec90de762ff895f7fe8a4c186a9521ec236f405947	20706	social/social-avatars/one-patron-facebook-avatar-320.png
f6ad5472c2e5c08aa3ac5b496ff5161b70dfefae57861f355447f14992dfe980	46713	social/social-covers/alexander-list-facebook-cover-1640x624.png
87ebb7507521655c346415e03b6685eba4cfcf1a7fa0f579fd0af2e6fc3b551e	21731	social/social-covers/alexander-list-facebook-cover-wordmark-only-1640x624.jpg
3cec777907ac38e7efbe7f78d96010bd604fc6a695930a785f49443d07110b7e	23792	social/social-covers/alexander-list-facebook-cover-wordmark-only-1640x624.png
fdf8a8b7444d4892a6a3a3d1bcaaeae5484cde9144505ec3a373cd3b24266e33	589	social/social-covers/alexander-list-facebook-cover-wordmark-only.svg
abe90f463eacc6732542ac42ea1f07e780ce71ff10d9c4d5f95f00bb2bce77fa	93211	social/social-covers/one-patron-x-cover-1500x500.png
83bd4bae6dbe428f4d283caefb523dc5ebddf117c9a9c1f04bb0528f3af56f92	6225	source-code/make_one_patron_animation.py
7edfb621d8c428d9034f50f6de7b003a257677440916582126df8935c9606f97	8415	source-code/make_one_patron_fractal_v3.py
a95e355555505a8dcf5a6cbce9f03e5e0c46eb0b43a21b538fbda49cb0227e6a	1726	source-code/render_svg.swift
3b2b8e2b7f2a8f57d7ecf76aecc60d622ef6c69a5dee3a3305d8463f916fc333	2422547	stories/0-The-Step-Before-Proof-cover.png
84b5f32b363e0e2d1cdca73ab6b16435271ceac8b4a29f4209533dfb32f4a623	4842	stories/0-The-Step-Before-Proof.md
98573fd61bd51695be1c08bc3d1d3b433e8d086f46eb1f0f89b87bdd442c31eb	2250033	stories/DAY-I-The-Hand-That-Makes-It-Real-cover.png
e7211cad79d5176de01da35af6cb797fd9943823f07fcc16c80206baad112631	5378	stories/DAY-I-The-Hand-That-Makes-It-Real.md
f1461e467e1071983daf7b90d035d0328ebb31fdabad3071d0379669aa3a40f3	2222504	stories/DAY-II-The-Room-Behind-the-Sentence-cover.png
5d99d1da383637c0432d4af9d852d51eb301aa2539840093958ca65e182bedd7	5366	stories/DAY-II-The-Room-Behind-the-Sentence.md
